{
  "users": [
    {
      "id": "1",
      "name": "Macaco",
      "surname": "Adriano",
      "age": 100,
      "items": [
        "Bananas, Microfone"
      ]
    },
    {
      "id": "2",
      "name": "Macaco",
      "surname": "Asdrubal",
      "age": 67,
      "items": [
        "Plastico, Vidro, Cartão"
      ]
    },
    {
      "id": "3",
      "name": "José",
      "surname": "Cid",
      "age": 70,
      "items": [
        "Banana, Cama, Cacho"
      ]
    },
    {
      "id": "b014"
    },
    {
      "id": "5f60"
    },
    {
      "id": "2f6c"
    },
    {
      "id": "31a8"
    },
    {
      "id": "45b0"
    },
    {
      "id": "b421"
    },
    {
      "id": "9eb4"
    },
    {
      "id": "89ef"
    },
    {
      "id": "c002",
      "newUser": {
        "name": "wgweg",
        "surname": "Ribeiro",
        "age": "1",
        "items": [
          "vassoura"
        ]
      }
    },
    {
      "id": "8541",
      "newUser": {
        "name": "Jose",
        "surname": "Ribeiro",
        "age": "13",
        "items": [
          "Banana",
          "Manga"
        ]
      }
    },
    {
      "id": "ccaf",
      "name": "joao",
      "surname": "soares",
      "age": "3",
      "items": [
        "carro",
        "chaves"
      ]
    },
    {
      "id": "cadc",
      "name": "adfga",
      "surname": "lkjhklh",
      "age": "2",
      "items": [
        "tesoura"
      ]
    },
    {
      "id": "9ad4",
      "name": "adfga",
      "surname": "lkjhklh",
      "age": "2",
      "items": [
        "tesoura"
      ]
    },
    {
      "id": "edb8",
      "name": "wgweg",
      "surname": "sdglkad",
      "age": "3",
      "items": [
        "Banana",
        "Manga"
      ]
    },
    {
      "id": "d1da",
      "name": "bernardo",
      "surname": "bernardes",
      "age": "23",
      "items": [
        "borboletas",
        "berbequins"
      ]
    },
    {
      "id": "56ed",
      "name": "bernardo",
      "surname": "bernardes",
      "age": "23",
      "items": [
        "borboletas",
        "berbequins"
      ]
    },
    {
      "id": "3a97",
      "name": "bernardo",
      "surname": "bernardes",
      "age": "23",
      "items": [
        "borboletas",
        "berbequins"
      ]
    },
    {
      "id": "c5fc",
      "name": "bernardo",
      "surname": "bernardes",
      "age": "23",
      "items": [
        "borboletas",
        "berbequins"
      ]
    },
    {
      "id": "e02c",
      "name": "bernardo",
      "surname": "bernardes",
      "age": "23",
      "items": [
        "borboletas",
        "berbequins"
      ]
    },
    {
      "id": "5b1c",
      "name": "Pascoal",
      "surname": "Rodrigues",
      "age": "6",
      "items": [
        "carro",
        "chaves"
      ]
    },
    {
      "id": "adc9",
      "name": "miguel",
      "surname": "marques",
      "age": "14",
      "items": [
        "chapeu",
        "gorro",
        "boné"
      ]
    },
    {
      "id": "1200",
      "name": "Rodrigo",
      "surname": "Leite",
      "age": "34",
      "items": [
        "vassoura"
      ]
    },
    {
      "id": "3d79",
      "name": "afhafh",
      "surname": "adfgafdg",
      "age": "1",
      "items": [
        "adfgad"
      ]
    },
    {
      "id": "985c",
      "name": "adfgad",
      "surname": "fqfwf",
      "age": "2",
      "items": [
        "tyuiytut"
      ]
    },
    {
      "id": "2e2a",
      "name": "yuiyui",
      "surname": "rerter",
      "age": "4",
      "items": [
        "kjjkj"
      ]
    },
    {
      "id": "adc2",
      "name": "yuiyuiyu",
      "surname": "czxczc",
      "age": "2",
      "items": [
        "kjljkljklj"
      ]
    },
    {
      "id": "1b4d",
      "name": "qweqwrq",
      "surname": "qweqwe",
      "age": "5",
      "items": [
        "bnmbnmbnm"
      ]
    },
    {
      "id": "e02f",
      "name": "Jose",
      "surname": "ddd",
      "age": "4",
      "items": [
        "vassoura"
      ]
    },
    {
      "id": "ecef",
      "name": "Jose",
      "surname": "ddd",
      "age": "3",
      "items": [
        "carro",
        "chaves"
      ]
    },
    {
      "id": "adae",
      "name": "Jose",
      "surname": "sdglkad",
      "age": "3",
      "items": [
        "lhh"
      ]
    },
    {
      "id": "d868",
      "name": "Jose",
      "surname": "dfg",
      "age": "4",
      "items": [
        "vassoura"
      ]
    },
    {
      "id": "21ab",
      "name": "joao",
      "surname": "meireles",
      "age": "4",
      "items": [
        "casaco"
      ]
    },
    {
      "id": "4cce",
      "name": "adfg",
      "surname": "Ribeiro",
      "age": "9",
      "items": [
        "carro",
        "chaves"
      ]
    },
    {
      "id": "cc6c",
      "name": "Jose",
      "surname": "Ribeiro",
      "age": "5",
      "items": [
        "vassoura"
      ]
    },
    {
      "id": "b405",
      "name": "Jose",
      "surname": "ddd",
      "age": "4",
      "items": [
        "vassoura"
      ]
    },
    {
      "id": "fe92",
      "name": "joaquim",
      "surname": "morrenhanha",
      "age": "4",
      "items": [
        "trator"
      ]
    },
    {
      "id": "4a7b",
      "name": "Jose",
      "surname": "ddd",
      "age": "5",
      "items": [
        "vassoura"
      ]
    },
    {
      "id": "d08b",
      "name": "rui",
      "surname": "rodrigues",
      "age": "4",
      "items": [
        "Banana",
        "Manga"
      ]
    },
    {
      "id": "5767",
      "name": "Jose",
      "surname": "lkjhklh",
      "age": "6",
      "items": [
        "vassoura"
      ]
    },
    {
      "id": "d972",
      "name": "Jose",
      "surname": "dhah",
      "age": "5",
      "items": [
        "carro",
        "chaves"
      ]
    },
    {
      "id": "df66",
      "name": "Jose",
      "surname": "dfg",
      "age": "2",
      "items": [
        "vassoura"
      ]
    },
    {
      "id": "be25",
      "name": "wgweg",
      "surname": "ddd",
      "age": "4",
      "items": [
        "Banana",
        "Manga"
      ]
    },
    {
      "id": "fb86",
      "name": "adfg",
      "surname": "sdglkad",
      "age": "1",
      "items": [
        "ddd"
      ]
    },
    {
      "id": "6dbe",
      "name": "wgweg",
      "surname": "dfg",
      "age": "3",
      "items": [
        "jfjjf"
      ]
    },
    {
      "id": "791d",
      "name": "aefha",
      "surname": "sdglkad",
      "age": "8",
      "items": [
        "carro",
        "chaves"
      ]
    },
    {
      "id": "c532",
      "name": "elisabete",
      "surname": "francisco",
      "age": "7",
      "items": [
        "garfo"
      ]
    },
    {
      "id": "1fd2",
      "name": "wgweg",
      "surname": "sdglkad",
      "age": "1",
      "items": [
        "vassoura"
      ]
    },
    {
      "id": "a8e2",
      "name": "Jose",
      "surname": "ddd",
      "age": "7",
      "items": [
        "vassoura"
      ]
    },
    {
      "id": "024f",
      "name": "wgweg",
      "surname": "Ribeiro",
      "age": "5",
      "items": [
        "carro",
        "chaves"
      ]
    },
    {
      "id": "e0b2",
      "name": "wgweg",
      "surname": "dhah",
      "age": "4",
      "items": [
        "jfjjf"
      ]
    },
    {
      "id": "1e82",
      "name": "adfga",
      "surname": "ddd",
      "age": "5",
      "items": [
        "Banana",
        "Manga"
      ]
    },
    {
      "id": "19b2",
      "name": "adfg",
      "surname": "sdglkad",
      "age": "10",
      "items": [
        "carro",
        "chaves"
      ]
    }
  ]
}